patient,stage,n_cells,accuracy,mean_confidence,ece
KUL01,raw,4307,0.7993963315532854,0.9525272134539988,0.15349783450962406
KUL01,temperature scaled,4307,0.7993963315532854,0.8824276106511674,0.0884446002063861
KUL19,raw,7704,0.8633177570093458,0.9678057645814206,0.10539003544012762
KUL19,temperature scaled,7704,0.8633177570093458,0.910654966325435,0.05198879761973092
KUL21,raw,4293,0.7686932215234102,0.9402394853915752,0.17171654660320335
KUL21,temperature scaled,4293,0.7686932215234102,0.85900589797614,0.09031267645272989
KUL28,raw,1688,0.8678909952606635,0.968739871315364,0.10150401531181308
KUL28,temperature scaled,1688,0.8678909952606635,0.9161411470899544,0.051380787856831714
KUL30,raw,3157,0.8926195755464048,0.973891840766424,0.0816318139596813
KUL30,temperature scaled,3157,0.8926195755464048,0.9270982764486295,0.03706542271320545
KUL31,raw,2069,0.8245529241179314,0.9613166704216631,0.13854144439966315
KUL31,temperature scaled,2069,0.8245529241179314,0.8940322902693665,0.06947936615143521
