alpha,variant,patient,n_cells,coverage,mean_size
0.1,marginal,KUL01,4307,0.8330624564662178,1.0977478523334108
0.1,marginal,KUL19,7704,0.8835669781931464,1.064122533748702
0.1,marginal,KUL21,4293,0.8183088749126485,1.1262520382017238
0.1,marginal,KUL28,1688,0.893957345971564,1.0639810426540284
0.1,marginal,KUL30,3157,0.9113082039911308,1.0554323725055432
0.1,marginal,KUL31,2069,0.8540357660705655,1.0782986950217497
0.1,class_conditional,KUL01,4307,0.8521012305549106,5.164615741815649
0.1,class_conditional,KUL19,7704,0.8621495327102804,5.132658359293873
0.1,class_conditional,KUL21,4293,0.8406708595387841,5.253901700442581
0.1,class_conditional,KUL28,1688,0.8299763033175356,4.9899289099526065
0.1,class_conditional,KUL30,3157,0.8691796008869179,5.0126702565726955
0.1,class_conditional,KUL31,2069,0.8482358627356211,5.150797486708555
0.05,marginal,KUL01,4307,0.8894822382168562,1.3830972834919897
0.05,marginal,KUL19,7704,0.922767393561786,1.2686915887850467
0.05,marginal,KUL21,4293,0.8984393198229677,1.4747262986256697
0.05,marginal,KUL28,1688,0.9295023696682464,1.2351895734597156
0.05,marginal,KUL30,3157,0.9420335761799177,1.1948051948051948
0.05,marginal,KUL31,2069,0.9105848235862736,1.3281778637022716
0.05,class_conditional,KUL01,4307,0.9164151381472022,8.414673786858602
0.05,class_conditional,KUL19,7704,0.9226375908618899,8.343847352024921
0.05,class_conditional,KUL21,4293,0.9145119962730026,8.517120894479385
0.05,class_conditional,KUL28,1688,0.9158767772511849,8.197867298578199
0.05,class_conditional,KUL30,3157,0.9306303452644916,8.141273360785556
0.05,class_conditional,KUL31,2069,0.903818269695505,8.345577573707105
