sample,n,scored,doublet_rate
KUL01-B,2129,2129,0.0014091122592766556
KUL01-N,2012,2012,0.0064612326043737576
KUL01-T,1922,1922,0.002081165452653486
KUL19-B,3263,3263,0.0015323322096230463
KUL19-N,1875,1875,0.0010666666666666667
KUL19-T,3128,3128,0.0012787723785166241
KUL21-B,1741,1741,0.0022975301550832855
KUL21-N,1340,1340,0.0007462686567164179
KUL21-T,2149,2149,0.0018613308515588647
KUL28-B,406,406,0.0049261083743842365
KUL28-N,908,908,0.003303964757709251
KUL28-T,428,428,0.004672897196261682
KUL30-B,766,766,0.0013054830287206266
KUL30-N,2092,2092,0.0038240917782026767
KUL30-T,552,552,0.0
KUL31-B,1119,1119,0.0008936550491510277
KUL31-N,1509,1509,0.0019880715705765406
KUL31-T,75,0,
