held_out,method,rank,assigned_to,fraction
Mast cells,logreg,1,CD4+ T cells,0.36693548387096775
Mast cells,logreg,2,Regulatory T cells,0.3629032258064516
Mast cells,logreg,3,IgA+ Plasma,0.06854838709677419
Mast cells,knn_pca,1,CD4+ T cells,0.9153225806451613
Mast cells,knn_pca,2,CD19+CD20+ B,0.03225806451612903
Mast cells,knn_pca,3,Regulatory T cells,0.028225806451612902
Mast cells,scvi_knn,1,CD4+ T cells,0.40725806451612906
Mast cells,scvi_knn,2,NK cells,0.1935483870967742
Mast cells,scvi_knn,3,SPP1+,0.1814516129032258
Mast cells,scanvi,1,NK cells,0.7137096774193549
Mast cells,scanvi,2,CD4+ T cells,0.20967741935483872
Mast cells,scanvi,3,SPP1+,0.028225806451612902
Mast cells,scanvi_latent_distance,1,NK cells,0.7137096774193549
Mast cells,scanvi_latent_distance,2,CD4+ T cells,0.20967741935483872
Mast cells,scanvi_latent_distance,3,SPP1+,0.028225806451612902
Enteric glial cells,logreg,1,IgA+ Plasma,0.4406047516198704
Enteric glial cells,logreg,2,Stromal 3,0.24622030237580994
Enteric glial cells,logreg,3,Stromal 1,0.20302375809935205
Enteric glial cells,knn_pca,1,Stromal 1,0.7580993520518359
Enteric glial cells,knn_pca,2,Myofibroblasts,0.11663066954643629
Enteric glial cells,knn_pca,3,Smooth muscle cells,0.0367170626349892
Enteric glial cells,scvi_knn,1,Stromal 1,0.3779697624190065
Enteric glial cells,scvi_knn,2,Myofibroblasts,0.2159827213822894
Enteric glial cells,scvi_knn,3,Stromal 3,0.17926565874730022
Enteric glial cells,scanvi,1,Myofibroblasts,0.31965442764578833
Enteric glial cells,scanvi,2,Stromal 1,0.24622030237580994
Enteric glial cells,scanvi,3,Smooth muscle cells,0.20518358531317496
Enteric glial cells,scanvi_latent_distance,1,Myofibroblasts,0.31965442764578833
Enteric glial cells,scanvi_latent_distance,2,Stromal 1,0.24622030237580994
Enteric glial cells,scanvi_latent_distance,3,Smooth muscle cells,0.20518358531317496
Goblet cells,logreg,1,CMS3,0.9212121212121213
Goblet cells,logreg,2,Intermediate,0.06666666666666667
Goblet cells,logreg,3,Mature Enterocytes,0.006060606060606061
Goblet cells,knn_pca,1,CMS3,0.7636363636363637
Goblet cells,knn_pca,2,Mature Enterocytes,0.1696969696969697
Goblet cells,knn_pca,3,Intermediate,0.05454545454545454
Goblet cells,scvi_knn,1,CMS3,0.9030303030303031
Goblet cells,scvi_knn,2,Mature Enterocytes,0.06060606060606061
Goblet cells,scvi_knn,3,CMS2,0.030303030303030304
Goblet cells,scanvi,1,CMS3,0.6484848484848484
Goblet cells,scanvi,2,Intermediate,0.2606060606060606
Goblet cells,scanvi,3,Mature Enterocytes,0.07878787878787878
Goblet cells,scanvi_latent_distance,1,CMS3,0.6484848484848484
Goblet cells,scanvi_latent_distance,2,Intermediate,0.2606060606060606
Goblet cells,scanvi_latent_distance,3,Mature Enterocytes,0.07878787878787878
Tip-like ECs,logreg,1,Stalk-like ECs,0.9419354838709677
Tip-like ECs,logreg,2,Proliferative ECs,0.015053763440860216
Tip-like ECs,logreg,3,CD4+ T cells,0.011827956989247311
Tip-like ECs,knn_pca,1,Stalk-like ECs,0.9731182795698925
Tip-like ECs,knn_pca,2,Proliferative ECs,0.013978494623655914
Tip-like ECs,knn_pca,3,Pericytes,0.007526881720430108
Tip-like ECs,scvi_knn,1,Stalk-like ECs,0.9741935483870968
Tip-like ECs,scvi_knn,2,Proliferative ECs,0.015053763440860216
Tip-like ECs,scvi_knn,3,Pericytes,0.005376344086021506
Tip-like ECs,scanvi,1,Stalk-like ECs,0.964516129032258
Tip-like ECs,scanvi,2,Proliferative ECs,0.02258064516129032
Tip-like ECs,scanvi,3,Pericytes,0.0064516129032258064
Tip-like ECs,scanvi_latent_distance,1,Stalk-like ECs,0.964516129032258
Tip-like ECs,scanvi_latent_distance,2,Proliferative ECs,0.02258064516129032
Tip-like ECs,scanvi_latent_distance,3,Pericytes,0.0064516129032258064
gamma delta T cells,logreg,1,CD8+ T cells,0.5408805031446541
gamma delta T cells,logreg,2,NK cells,0.4276729559748428
gamma delta T cells,logreg,3,T helper 17 cells,0.018867924528301886
gamma delta T cells,knn_pca,1,CD8+ T cells,0.6477987421383647
gamma delta T cells,knn_pca,2,NK cells,0.3018867924528302
gamma delta T cells,knn_pca,3,T helper 17 cells,0.03773584905660377
gamma delta T cells,scvi_knn,1,CD8+ T cells,0.6226415094339622
gamma delta T cells,scvi_knn,2,NK cells,0.37735849056603776
gamma delta T cells,scanvi,1,NK cells,0.5471698113207547
gamma delta T cells,scanvi,2,CD8+ T cells,0.44654088050314467
gamma delta T cells,scanvi,3,CD4+ T cells,0.006289308176100629
gamma delta T cells,scanvi_latent_distance,1,NK cells,0.5471698113207547
gamma delta T cells,scanvi_latent_distance,2,CD8+ T cells,0.44654088050314467
gamma delta T cells,scanvi_latent_distance,3,CD4+ T cells,0.006289308176100629
Regulatory T cells,logreg,1,CD4+ T cells,0.5256525652565257
Regulatory T cells,logreg,2,T helper 17 cells,0.29162916291629165
Regulatory T cells,logreg,3,T follicular helper cells,0.14401440144014402
Regulatory T cells,knn_pca,1,CD4+ T cells,0.4383438343834383
Regulatory T cells,knn_pca,2,T helper 17 cells,0.41944194419441944
Regulatory T cells,knn_pca,3,T follicular helper cells,0.126012601260126
Regulatory T cells,scvi_knn,1,CD4+ T cells,0.44554455445544555
Regulatory T cells,scvi_knn,2,T follicular helper cells,0.2745274527452745
Regulatory T cells,scvi_knn,3,T helper 17 cells,0.22682268226822683
Regulatory T cells,scanvi,1,T follicular helper cells,0.36993699369936994
Regulatory T cells,scanvi,2,T helper 17 cells,0.34473447344734476
Regulatory T cells,scanvi,3,CD4+ T cells,0.26372637263726373
Regulatory T cells,scanvi_latent_distance,1,T follicular helper cells,0.36993699369936994
Regulatory T cells,scanvi_latent_distance,2,T helper 17 cells,0.34473447344734476
Regulatory T cells,scanvi_latent_distance,3,CD4+ T cells,0.26372637263726373
