method,tissue,n_cells,n_subtypes,fine_macro_f1,fine_accuracy,coarse_accuracy
logreg,Border,6230,25,0.7150333137643214,0.7735152487961476,0.9945425361155699
logreg,Normal,9095,29,0.7280663684407134,0.8889499725123694,0.9964815832875206
logreg,Tumor,7893,29,0.6823615490452325,0.7714430508045104,0.9965792474344356
knn_pca,Border,6230,25,0.7245829640260427,0.779454253611557,0.9940609951845907
knn_pca,Normal,9095,29,0.7377172914143604,0.908081363386476,0.9985706432105552
knn_pca,Tumor,7893,29,0.6684372649526306,0.7312808817939946,0.9980995819080197
scvi_knn,Border,6230,25,0.7285326680078842,0.7929373996789727,0.9964686998394864
scvi_knn,Normal,9095,29,0.7068210491922609,0.8478284771852667,0.9968114348543156
scvi_knn,Tumor,7893,29,0.6553933198283856,0.6883314329152413,0.994932218421386
scanvi,Border,6230,25,0.7320837897551151,0.787800963081862,0.9974317817014446
scanvi,Normal,9095,29,0.7502325880520565,0.9002748763056625,0.9981308411214953
scanvi,Tumor,7893,29,0.6642410591171867,0.7615608767262131,0.9975928037501584
