method,patient,n_cells,n_subtypes,fine_macro_f1,fine_accuracy,coarse_accuracy
logreg,KUL01,4307,33,0.7027281023241817,0.7954492686324588,0.99721383793824
logreg,KUL19,7704,33,0.6910699495440331,0.8457943925233645,0.9954569055036345
logreg,KUL21,4293,33,0.7016034966582583,0.7509899836943862,0.9962730025623108
logreg,KUL28,1688,29,0.7082098772582546,0.8311611374407583,0.9940758293838863
logreg,KUL30,3157,31,0.7116488401481152,0.8672790624010136,0.9952486537852392
logreg,KUL31,2069,31,0.7316610432342471,0.8148864185596907,0.9975833736104398
knn_pca,KUL01,4307,33,0.687423878451791,0.7573717204550732,0.9981425586254934
knn_pca,KUL19,7704,33,0.6689208715715361,0.8498182762201454,0.9951973001038421
knn_pca,KUL21,4293,33,0.6980859575778577,0.7183787561146052,0.9979035639412998
knn_pca,KUL28,1688,29,0.7373102427990887,0.8637440758293838,0.9982227488151659
knn_pca,KUL30,3157,31,0.7267225761629734,0.8970541653468482,0.9993664871713652
knn_pca,KUL31,2069,31,0.7193025353768353,0.8235862735621073,0.9971000483325277
scvi_knn,KUL01,4307,33,0.6467503122839565,0.6918969120037148,0.9965172974228
scvi_knn,KUL19,7704,33,0.6571968342551222,0.8406022845275182,0.995846313603323
scvi_knn,KUL21,4293,33,0.6468993286479414,0.6615420451898439,0.9941765665036105
scvi_knn,KUL28,1688,29,0.6649999809421179,0.8453791469194313,0.9946682464454977
scvi_knn,KUL30,3157,31,0.6477795411635646,0.8606271777003485,0.9977827050997783
scvi_knn,KUL31,2069,31,0.6949953564394356,0.7945867568873852,0.9985500241662639
scanvi,KUL01,4307,33,0.6817253482448988,0.7915022057116322,0.99791037845368
scanvi,KUL19,7704,33,0.694813317925069,0.8524143302180686,0.9974039460020768
scanvi,KUL21,4293,33,0.7056787082961465,0.7600745399487537,0.9979035639412998
scanvi,KUL28,1688,29,0.7321710478057232,0.8459715639810427,0.9970379146919431
scanvi,KUL30,3157,31,0.7156374253694474,0.8653785239151093,0.9977827050997783
scanvi,KUL31,2069,31,0.7549573741895036,0.8255195746737555,0.9990333494441759
