n_patients,repeat,n_cells,n_subtypes_in_reference,fine_macro_f1,fine_accuracy,coarse_accuracy
3,0,4484,28,0.41781785867695176,0.5182186234817814,0.9751055215780859
3,1,9492,34,0.7167236279610141,0.7944698079076579,0.9930657248686364
3,2,6274,28,0.4421189970822009,0.524636058230683,0.9702816780084417
6,0,15906,34,0.6819480985591603,0.7672926177965371,0.9906107330519425
6,1,16728,34,0.7354479297693527,0.8134206219312602,0.9947454561116376
6,2,19823,34,0.732924098209834,0.8092858988715652,0.9933672150917392
10,0,29464,34,0.7273216959761277,0.8044620553019209,0.9952192264622276
10,1,30732,34,0.7370374349569042,0.8096304591265397,0.9955207166853304
10,2,24384,34,0.7263560190414664,0.8019209234214834,0.9947454561116376
15,0,37608,34,0.74515441933045,0.8240158497717288,0.9949177362391248
15,1,42706,34,0.7311410032811142,0.8041174950469463,0.995606856749074
15,2,38578,34,0.7422166664354846,0.8191489361702128,0.9956929968128176
23,0,61508,34,0.742016397446432,0.8180291153415453,0.9959944870359204
