test_hospital,design,repeat,n_reference_cells,n_test_cells,macro_f1,accuracy,coverage_90,mean_set_size
DFCI,single site,0,6490,13373,0.8080493299000637,0.9543109249981305,0.9042911705234778,0.9165730547442522
DFCI,single site,1,6214,13373,0.8139048202818958,0.960891348238989,0.9373364241381889,0.9549091452927541
DFCI,single site,2,6692,13373,0.8029091212023337,0.9544604800717864,0.8760578147232831,0.8811503033026287
DFCI,mixed sites,0,7013,7159,0.8758906119970485,0.9688503981002934,0.897471713926526,0.901662243330074
DFCI,mixed sites,1,7774,7737,0.894472056404667,0.9731161949075869,0.9338244797725217,0.9397699366679592
DFCI,mixed sites,2,10046,5734,0.8929509224845368,0.9726194628531566,0.918207185211022,0.9215207534007673
MGH,single site,0,10498,26627,0.9256787377997389,0.9586885492169602,0.9027678672024637,0.9136590678634469
MGH,single site,1,7828,26627,0.894977799803635,0.9542945130882188,0.8834641529274796,0.8921020017275698
MGH,single site,2,8184,26627,0.9053552995915588,0.9544822924099599,0.846321403087092,0.8521050061967176
MGH,mixed sites,0,8202,20771,0.9033418045265794,0.9570073660391892,0.8369361128496462,0.8409320687496991
MGH,mixed sites,1,8485,20697,0.8544999292111581,0.9561289075711455,0.8931729236121178,0.9034159540029956
MGH,mixed sites,2,9617,21804,0.906740516411058,0.9540451293340672,0.8914419372592185,0.903137039075399
