alpha,method,patient,coverage,mean_size
0.1,unweighted,KUL01,0.8330624564662178,1.0977478523334108
0.1,unweighted,KUL19,0.8835669781931464,1.064122533748702
0.1,unweighted,KUL21,0.8183088749126485,1.1262520382017238
0.1,unweighted,KUL28,0.893957345971564,1.0639810426540284
0.1,unweighted,KUL30,0.9113082039911308,1.0554323725055432
0.1,unweighted,KUL31,0.8540357660705655,1.0782986950217497
0.1,weighted,KUL01,0.8370095193870444,1.1105177617831437
0.1,weighted,KUL19,0.8851246105919003,1.0717808930425752
0.1,weighted,KUL21,0.8238993710691824,1.1437223386908921
0.1,weighted,KUL28,0.8969194312796208,1.0740521327014219
0.1,weighted,KUL30,0.9128919860627178,1.0589166930630345
0.1,weighted,KUL31,0.8579023682938618,1.0884485258579024
0.05,unweighted,KUL01,0.8894822382168562,1.3830972834919897
0.05,unweighted,KUL19,0.922767393561786,1.2686915887850467
0.05,unweighted,KUL21,0.8984393198229677,1.4747262986256697
0.05,unweighted,KUL28,0.9295023696682464,1.2351895734597156
0.05,unweighted,KUL30,0.9420335761799177,1.1948051948051948
0.05,unweighted,KUL31,0.9105848235862736,1.3281778637022716
0.05,weighted,KUL01,0.8983050847457628,1.4648247039702809
0.05,weighted,KUL19,0.9297767393561787,1.3351505711318796
0.05,weighted,KUL21,0.9107849988353133,1.5711623573258793
0.05,weighted,KUL28,0.9360189573459715,1.2855450236966826
0.05,weighted,KUL30,0.9471016788089959,1.238834336395312
0.05,weighted,KUL31,0.9207346544224263,1.4214596423392944
